电影编号,电影标题,导演,主演,类型,地区,语言,上映时间,片长,剧情简介,本地图片路径
1,入殓师 おくりびと,泷田洋二郎,本木雅弘/广末凉子/山崎努/吉行和子/笹野高史/余贵美子,剧情,日本,日语,2021-10-29(中国大陆),130分钟,"买了昂贵的大提琴，想要成就一番事业的小林大悟（本木雅弘 饰），经历了4个月的管弦乐演奏，得到的却是“乐团解散”的噩耗与购买乐器的高昂债务。迫不得已，大悟与妻子美香（广末凉子 饰）搬到老屋，过着清贫的日子。某日，一则广告吸引了大悟的注意：NK代理公司，帮助旅行，高薪短工时。大悟来到NK代理公司面试，社长佐佐木生荣（山崎努 饰）二话不说就决定聘用大悟，但却对工作内容避而不谈。在大悟的再三追问下，佐佐木社长终于道明：是入殓（日语Nou Kan）工作！
                                    
                                　　虽然心理上有所忌惮，高额的薪水还是令大悟接受了这份工作。但这样的工作对普通人谈何容易，一方面对遗体的不适，一方面又要对妻友隐瞒自己的工作，小林大悟不平凡的工作就这样开始了。",img/1_入殓师 おくりびと.jpg
2,致命魔术 The Prestige,克里斯托弗·诺兰,休·杰克曼/克里斯蒂安·贝尔/迈克尔·凯恩/丽贝卡·豪尔/斯嘉丽·约翰逊/大卫·鲍伊/安迪·瑟金斯/派珀·佩拉博/萨曼塔·马霍林/丹尼尔·戴维斯/吉姆·皮多克/克里斯托弗·尼姆/马克·瑞安/罗杰·里斯/杰米·哈里斯/罗恩·帕金斯/瑞奇·杰/安东尼·德·马克/冀朝理,剧情/悬疑/惊悚,英国/美国,英语,2006-10-17(罗马电影节),130分钟,"19世纪末，人们对科学文明还不是认识得太过清楚，于是，安吉尔（休•杰克曼Hugh Jackman饰）和伯登（克里斯蒂安•贝尔Christian Bale饰）的魔术，成为了伦敦城内的神奇人物。安吉尔出身贵族，魔术手段华丽丰富，是富人圈子里的表演常客。而伯登即使出身平平，争强好胜的心智和充满创造力的魔术技巧，却也令他有了名气。两人自小本是要好的伙伴，然而，现在魔术界二人各有领地，并且都有野心想成为音乐大厅里的顶级魔术师，一番明争暗斗如箭在弦上。
                                    
                                　　伯登掌握了精彩的分身术，叫座又叫好。而安吉尔见情势不妙，搬来科学家助阵——他发明的交流电有无穷魔力，保证让观众目瞪口呆。二人出招接招，一来一往，争斗在剧烈升级，友谊和道德都被抛诸脑后，一场血案在悄悄酝酿。",img/2_致命魔术 The Prestige.jpg
3,死亡诗社 Dead Poets Society,彼得·威尔,罗宾·威廉姆斯/罗伯特·肖恩·莱纳德/伊桑·霍克/乔西·查尔斯/盖尔·汉森/迪伦·库斯曼/阿勒隆·鲁杰罗/詹姆斯·沃特斯顿/诺曼·劳埃德/柯特伍德·史密斯/卡拉·贝尔韦尔/利昂·波纳尔/乔治·马丁/乔·奥菲耶里/马特·凯里/凯文·库尼/拉腊·弗林·鲍尔/亚历桑德拉·鲍尔斯/梅洛拉·沃尔特斯/帕梅拉·伯勒尔/约翰·库宁汉姆/迪布拉·穆尼/库尔特·莱特纳/凯瑟·斯内德/霍纳斯·斯蒂克洛瑞斯/杰米·肯尼迪,剧情,美国,英语/拉丁语,1989-06-02(多伦多首映),128 分钟,"威尔顿预备学院以其沉稳凝重的教学风格和较高的升学率闻名，作为其毕业班的学生，理想就是升入名校。新学期文学老师约翰·基汀（罗宾·威廉姆斯 饰）的到来如同一阵春风，一反传统名校的严肃刻板。
                                    
                                　　基汀带学生们在校史楼内聆听死亡的声音，反思生的意义 ；让男生们在绿茵场上宣读自己的理想；鼓励学生站在课桌上，用新的视角俯瞰世界。老师自由发散式的哲学思维让学生内心产生强烈的共鸣，他们渐渐学会自己思考与求索，勇敢的追问人生的路途，甚至违反门禁，成立死亡诗社，在山洞里击节而歌！
                                    
                                　　基汀教授、基汀老师、基汀队长，他的教育宛若春风化雨，润物无声的留在每个人心里…",
4,被嫌弃的松子的一生 嫌われ松子の一生,中岛哲也,中谷美纪/永山瑛太/香川照之/市川实日子/伊势谷友介/柄本明/黑泽明日香/荒川良良/柴崎幸/土屋安娜/奥之矢佳奈/谷原章介/武田真治/片平渚/宫藤官九郎/角野卓造/田中要次/木村凯拉/谷中敦/剧团一人,剧情/歌舞,日本,日语,2006-05-27(日本),130 分钟,"有一天父亲（香川照之饰）突然来找阿笙（瑛太饰），告诉他有个素未谋面的姑姑死了，叫他去收拾下姑姑的房子。在河边的破烂小屋里，阿笙渐渐开始了解父亲口中的姑姑，到底有着怎样的一生。
                                    
                                　　小时候的姑姑川尻松子（中谷美纪饰）经常做着白雪公主似的美梦，她后来成为一名安分的中学教师，却因百口莫辩的误会被辞退了，之后和一作家同居，作家却因为太爱她而选择自杀，死前留下遗言：生而为人对不起。这件事对松子打击极大；之后与该作家的事业敌人同居直至，又忍受不住去找对方妻子的诱惑，结果惨遭抛弃；又是当上浴室女郎，甚至还杀人入狱，然而不管有意无意，她从不放弃生活的希望。不管生活再怎样破碎，她仍然本能地生存下去，这生存本身，足以打动任何人，包括阿笙。",img/4_被嫌弃的松子的一生 嫌われ松子の一生.jpg
5,教父2 The Godfather: Part II,弗朗西斯·福特·科波拉,阿尔·帕西诺/罗伯特·杜瓦尔/黛安·基顿/罗伯特·德尼罗/约翰·凯泽尔/塔莉娅·夏尔/李·斯特拉斯伯格/迈克尔·V·格佐/G•D•斯普拉德林/理查德·布赖特/加斯通·莫辛/汤姆·罗斯奎/布鲁诺·柯比/弗兰克·西维罗/弗朗西丝卡·德·萨维奥/摩甘娜金/玛丽亚娜·希尔/莱奥波多·特里耶斯泰/多米尼克·查尼斯/Amerigo Tot/特洛伊·多纳休/约翰·阿普雷亚/乔·斯皮内尔/阿贝·维高达/吉亚尼·罗素/Maria Carta/菲伊·斯潘/哈利·迪恩·斯坦顿/卡明·卡里迪/丹尼·爱罗/威廉·鲍尔斯/约瑟夫·德拉·索尔特/卡门·阿尔根齐亚诺/乔·罗·格里普/Ezio Flagello/凯瑟琳·贝勒/Saveria Mazzola/Tito Alba/彼得·多纳特/汤姆·达尔格伦/Phil Feldman/罗杰·科曼/伊凡·科尔/艾丽卡·约恩/Teresa Tirelli/詹姆斯·肯恩/Italia Coppola/罗曼·科波拉/索菲亚·科波拉/朱莉·格雷格/George Holmes/Buck Houghton/Shep Houghton/小杉正一/加里·库尔茨/Laura Lyons/理查德·麦瑟森/约翰·梅根纳/Harrison Ressler/Al Roberts/Hank Robinson/Filomena Spagnuolo,剧情/犯罪,美国,英语/意大利语/西班牙语/拉丁语/西西里语,1974-12-12(纽约首映),202分钟,迈克尔（阿尔·帕西诺 饰）是美利坚黑手党科利昂家族的头目。 迈克尔的父亲维托·安多里尼（罗伯特·德尼罗 饰）出生于意大利科利昂镇。1901年，维托的父亲安东尼奥、兄长保罗、母亲（玛丽亚·卡塔 饰）都死于黑手党西乔家族之手。9岁的维托只得漂洋过海逃亡美利坚谋生。入境时，海关官员（理查德·沃森 饰）将其名姓登记为维托·科利昂。 1958年，迈克尔为儿子安东尼（詹姆斯·古纳瑞斯 饰）举办了初领圣体的聚会，不想当晚便遭遇暗杀。迈克尔侥幸躲过一劫，两名杀手却被人灭口。 维托在异国他乡如何生存？他身负的血海深仇能否得报？想要迈克尔性命的是谁？将杀手灭口的又是谁？,img/5_教父2 The Godfather: Part II.jpg
6,钢琴家 The Pianist,罗曼·波兰斯基,阿德里安·布罗迪/托马斯·克莱舒曼/艾米莉娅·福克斯/米哈乌·热布罗夫斯基/埃德·斯托帕德/穆琳·利普曼/弗兰克·芬莱/茱莉亚·蕾娜/杰西卡·凯特·梅耶尔/理查德·赖丁斯,剧情/音乐/传记/战争,英国/法国/波兰/德国/美国,英语/德语/俄语,2002-05-24(戛纳电影节),149分钟,史标曼（艾德里安•布洛迪 Adrien Brody 饰）是波兰一家电台的钢琴师。二战即将爆发之时，他们全家被迫被赶进华沙的犹太区。在战争的颠沛流离中，家人和亲戚最终被纳粹杀害，而史标曼本人也受尽种种羞辱和折磨，他侥幸得到一位朋友的帮助，暂时有了藏身之处。战争愈加猛烈，朋友不得不抛下他回老家寻得安全的住所养育儿女。此时史标曼恶病缠身，却还要在搜捕中逃亡。在废墟的阁楼上他遇见了一名德国军官，在军官的要求下他弹奏了钢琴曲。美妙的琴声令德国军官萌发了恻隐之心，他暗暗帮助史标曼直到苏军对波兰的解放到来…… 影片根据波兰钢琴家瓦拉迪斯罗•斯皮曼(Wladyslaw Szpilman)的自传体小说《死亡城市》改编。,img/6_钢琴家 The Pianist.jpg
7,十二怒汉 12 Angry Men,西德尼·吕美特,亨利·方达/马丁·鲍尔萨姆/约翰·菲德勒/李·科布/E.G.马绍尔/杰克·克卢格曼/爱德华·宾斯/杰克·沃登/约瑟夫·史威尼/埃德·贝格利/乔治·沃斯科维奇/罗伯特·韦伯,剧情,美国,英语,1957-04-10(美国),96分钟,"一个在贫民窟长大的18岁少年因为涉嫌杀害自己的父亲被告上法庭，证人言之凿凿，各方面的证据都对他极为不利。十二个不同职业的人组成了这个案件的陪审团，他们要在休息室达成一致的意见，裁定少年是否有罪，如果罪名成立，少年将会被判处死刑。
                                    
                                　　十二个陪审团成员各有不同，除了8号陪审员（H enry Fonda 饰）之外，其他人对这个犯罪事实如此清晰的案子不屑一顾，还没有开始讨论就认定了少年有罪。8号陪审员提出了自己的“合理疑点”，耐心地说服其他的陪审员，在这个过程中，他们每个人不同的人生观也在冲突和较量……",img/7_十二怒汉 12 Angry Men.jpg
8,阳光灿烂的日子,姜文,夏雨/宁静/陶虹/耿乐/斯琴高娃/冯小刚/刘小宁/姜文/王学圻/王朔/尚楠/方化/代少波/王海/姚二嘎/吴淑昆/左小青/韩冬/孙靖/刘斌/张维/杨彤林/王海/王福/胡贝贝/高保成/吴淑琨/张华/二勇/烈子/陈伟,剧情/爱情,中国大陆/中国香港,汉语普通话,1995-08-21(中国大陆),134分钟(中国大陆),"20世纪70年代初的北京，忙着“闹革命”大人无空理会小孩，加上学校停课无事可做，以军队大院男孩为突出代表的少年人便自找乐子，靠起哄、打架、闹事、拍婆子等方式挥霍过量的荷尔蒙。马小军（夏雨 饰）就是这样的少年，他的嗜好之一是趁别人家无人用万能钥匙将其锁打开，溜进去耍玩一番，正是用这样的方式，少女米兰（宁静 饰）的照片先于其人入了马小军的双眼。通过院里的“头儿”刘忆苦（耿乐 饰），马小军又见到之前在炮局偶然瞥见过一眼的米兰，开始正式将其当作梦中情人，然而在米兰眼中，马小军不过是毛孩一个，她中意的人是成熟、稳重、帅气的刘忆苦。自此，马小军迎来五味混杂的青春期生活。
                                    
                                　　本片改编自王朔短篇小说《动物凶猛》。夏雨凭此片获得第51届威尼斯国际电影节最佳男演员（银狮奖）。",img/8_阳光灿烂的日子.jpg
9,蝴蝶效应 The Butterfly Effect,埃里克·布雷斯,阿什顿·库彻/梅洛拉·沃尔特斯/艾米·斯马特/埃尔登·亨森/威廉姆·李·斯科特/约翰·帕特里克·阿梅多利/艾琳·戈洛瓦娅/凯文·G·施密特/杰西·詹姆斯/罗根·勒曼/莎拉·威多斯/杰克·凯斯/卡梅隆·布莱特/埃里克·斯托尔兹/考乐姆·吉斯·雷尼/凯文·杜兰,剧情/科幻/悬疑/惊悚,美国/加拿大,英语,2004-01-23(美国),113分钟,"伊万（艾什顿·库奇 Ashton Kutcher 饰）曾经有一个糟糕的童年，因为他行为闯下了大祸，令他童年充满不堪回忆的往事。而事实上，他确实只是依稀记得一点可怕的情景，这些情景一直纠缠着他的正常生活。伊万接受心理学家建议，把琐碎生活记在记事本里，却偶然发现通过记事本回到过去。
                                    
                                　　这时他才清楚记起，童年时候的自己做了那么多的错事。他幻想着用现在的意识，潜入童年的身体，去弥补种种过失给人们带来的伤害，尤其是希望与当年暗恋的凯西最终走回一起。然而他一次次的跨越时空的更改，只能越来越招致现实世界的不可救药。一切就像蝴蝶效应般，牵一发而动全身。",img/9_蝴蝶效应 The Butterfly Effect.jpg
10,大鱼 Big Fish,蒂姆·波顿,伊万·麦克格雷格/阿尔伯特·芬尼/比利·克鲁德普/杰西卡·兰格/海伦娜·伯翰·卡特/艾莉森·洛曼/罗伯特·吉尔劳姆/玛丽昂·歌迪亚/马修·麦克格罗里/大卫·丹曼/米西·派勒/卢顿·万恩怀特三世/艾达·泰/艾伦妮·泰/史蒂夫·布西密/丹尼·德维托/迪普·罗伊/Perry Walston/海利·安妮·内尔森/Grayson Stone,剧情/爱情/奇幻/冒险,美国,英语/法语/俄语/粤语/汉语普通话,2003-12-04(纽约首映),125分钟,"爱德华（伊万·麦克格雷格 Ewan McGregor 饰）生性热爱自由，成年之后，他选择离开家乡，踏上了环游世界的旅程。一路上，爱德华遇见了各种各样稀奇古怪的角色，经历了无数精彩绝伦的的冒险，而他日后最大的兴趣，就是向他人喋喋不休的重复讲述他的这一段奇幻旅程。
                                    
                                　　威尔（比利·克鲁德普 Billy Crudup 饰）是爱德华的儿子，他并不相信父亲所讲述的那些光怪陆离的故事，甚至对此感到无比厌烦。婚后，他同父亲中断了联系，一晃眼就是数年过去。当再次得到爱德华的消息之时，威尔才知道父亲即将不久于人世，他决定去见爱德华最后一面。然而，这一次，威尔终于发现了隐藏在这些故事背后的奥秘和真相。",img/10_大鱼 Big Fish.jpg
11,沉默的羔羊 The Silence of the Lambs,乔纳森·戴米,朱迪·福斯特/安东尼·霍普金斯/斯科特·格伦/安东尼·希尔德/布鲁克·史密斯/卡斯·莱蒙斯/弗兰基·费森/泰德·拉文/崔西·沃特/丹·巴特勒/达拉,剧情/惊悚/犯罪,美国,英语,1991-02-14(美国),118分钟,联调局学院学员 Clarice M. Starling（朱迪·福斯特 饰）受行为科学组的 Jack Crawford（斯科特·格伦 饰）指派，前往州立巴尔的摩法医院访问被监禁的精神科医生 Hannibal Lecter（安东尼·霍普金斯 饰）。Lecter要求转到条件较好的联邦机构，远离常常折磨他的 Frederick Chilton 医生（安东尼·希尔德 饰），并愿意为此提供持续作案的连环杀手水牛比尔（泰德·莱文 饰）的心理分析……,img/11_沉默的羔羊 The Silence of the Lambs.jpg
12,美国往事 Once Upon a Time in America,赛尔乔·莱昂内,罗伯特·德尼罗/詹姆斯·伍兹/伊丽莎白·麦戈文/乔·佩西/伯特·杨/塔斯黛·韦尔德/特里特·威廉斯/丹尼·爱罗/理查德·布赖特/詹姆斯·海登/威廉·弗西斯/达兰妮·弗鲁格/拉里·拉普/理查德·弗让吉/罗伯特·哈珀/詹妮弗·康纳利,剧情/犯罪,美国/意大利,英语/法语/意大利语,1984-02-17(波士顿首映),229分钟(导演剪辑版),1933年，纽约流氓Noodles（罗伯特·德·尼罗 饰）因向哈洛伦警司（布鲁斯·巴伦堡 饰）通风报信害死了三名同伙而被追杀。逃亡之前，他打开了存放帮派基金的手提箱，里面却只有报纸。 1968年，已改名换姓的Noodles收到一封犹太会堂通知迁葬亲友的信。Noodles联系拉比，得知信是八个月前寄出的，他的三名同伙已被迁葬至一所豪华公墓。Noodles回到纽约，找老友莫（拉里·拉普 饰）了解情况，却一无所获。闲谈中，Noodles问起莫的妹妹黛博拉（伊丽莎白·麦戈文 饰）的情况，得知其已成名角。 原来，两人少时互有好感，但黛博拉（詹妮弗·康纳利 饰）志向高远脚踏实地，理智地将街头混混Noodles（斯科特·提勒 饰）拒于门外。 Noodles在公墓发现了一把钥匙，并用钥匙打开了当年存放手提箱的储物柜。这一次，箱子里有满满的百元钞，还有写着“下一份工作...,img/12_美国往事 Once Upon a Time in America.jpg
13,哈尔的移动城堡 ハウルの動く城,宫崎骏,倍赏千惠子/木村拓哉/美轮明宏/我修院达也/神木隆之介/伊崎充则/大泉洋/大塚明夫/原田大二郎/加藤治子/都筑香弥子,爱情/动画/奇幻/冒险,日本,日语,2024-04-30(中国大陆),119分钟,"继母因无力负担生活，将苏菲和她的两个妹妹都送到了制帽店去当学徒。两个妹妹很快先后就离开了制帽店去追寻各自的梦想，只有苏菲坚持了下来。一天，小镇旁边来了一座移动堡垒，传说堡垒的主人哈尔专吸取年青姑娘的灵魂，所以小镇的姑娘都不敢靠近。
                                    
                                　　一个恶毒的巫婆为了报复苏菲与哈尔见面，用巫术把她变成了一个80岁的老太婆，而且苏菲还不能对别人说出自己身中的巫术。无奈，苏菲决定独自一人逃离小镇。天黑了，虚弱的苏菲没走多远，来到了移动城堡。心想自己已经是老太婆了，苏菲壮着胆子走进了城堡。不想，遇到了和她遭遇相同的火焰魔。两人约定彼此帮助对方打破各自的咒语……",img/13_哈尔的移动城堡 ハウルの動く城.jpg
14,岁月神偷 歲月神偷,罗启锐,吴君如/任达华/钟绍图/李治廷/蔡颖恩/秦沛/夏萍/谷德昭/许鞍华/张同祖/庄域飞/威廉希路/李健兴/林耀祺/廖爱玲/张翼东/钱耀荣/谭瓒强/陈庆航/黎祥荣,剧情/家庭,中国香港/中国大陆,粤语/汉语普通话/英语/上海话/法语,2010-04-16(中国大陆),117分钟,"60年代的香港，风云变幻。一面要忍受港英政府的压制，一面又受到内地运动的波及，更要面对不时登陆的台风暴雨。老字号的永利街就处在这样一个风暴的旋涡中心。
                                        
                                    　　鞋匠罗一家四口，在街尾以做鞋为生。罗先生（任达华 饰）做得一手好鞋，在那个混乱的年代仅能养家糊口；罗太太（吴君如 饰）为人辛辣直率，人称“侠盗罗嫂”。大儿子罗进一（李治廷 饰）16岁，品学兼优，是运动会的冠军，全家人的希望，也是永利街的骄傲；小儿子罗进二（钟绍图 饰）8岁，在父母溺爱之下，天性顽劣，出了名的顽皮整蛊……一家人艰难度日，也算其乐融融。
                                        
                                    　　然而大儿子与富家小姐芳菲（蔡颖恩 饰）之间一段纯美的初恋、一场扫荡整个香港的飓风暴雨、更有一场潜伏已久的噩梦，让这个普通家庭的平安幸福在一夜之间陡生变故、支离破碎……面对岁月这个最大的“神偷”，顽强不屈的人该如何去抵抗？
                                        
                                    　　2010第60届柏林电影节“新生代...",img/14_岁月神偷 歲月神偷.jpg
15,射雕英雄传之东成西就 射鵰英雄傳之東成西就,刘镇伟,梁朝伟/林青霞/张国荣/叶玉卿/张学友/王祖贤/张曼玉/梁家辉/刘嘉玲/钟镇涛/鲍起静,喜剧/奇幻/武侠/古装,中国香港,粤语,1993-02-05(中国香港),113分钟(香港),金轮国王妃（叶玉卿 饰）与表哥欧阳锋（梁朝伟 饰）有染，为霸占江山，他们毒死了国王，但没找到传国玉玺。得知玉玺在前往九宫山找寻其师父求助的三公主（林青霞 饰）手里后，欧阳锋企图抢到手但没成功。糊涂国师（张曼玉 饰）在淫威下屈服，查出三公主的具体下落，欧阳锋乘火箭金靴追赶 ，却误脱落一只插死刚出关的王重阳（钟镇涛 饰），奄奄一息的王重阳恳求适逢路过的三公主找到其师弟周伯通（刘嘉玲 饰）代为报仇。逃到九宫山的三公主邀得师弟黄药师（张国荣 饰）与师妹（王祖贤 饰）相助，再加上前来寻找表妹的洪七（张学友 饰）、找到真心人才能成仙的段智兴（梁家辉 饰），一场与欧阳锋的生死恶战蓄势待发……,img/15_射雕英雄传之东成西就 射鵰英雄傳之東成西就.jpg
16,玛丽和麦克斯 Mary and Max,亚当·艾略特,托妮·科莱特/菲利普·塞默·霍夫曼/巴瑞·哈姆弗莱斯/艾瑞克·巴纳/贝塔尼·维特莫尔/蕾妮·盖耶/伊恩·莫利·梅尔德伦/朱莉·福塞斯/约翰·弗劳思/克里斯托弗·马西/卡罗琳·莎士比亚-艾伦/琳恩·史密斯/迈克尔·延纳,剧情/喜剧/动画,澳大利亚/美国,英语/意第绪语,2025-08-08(中国大陆),90分钟(中国大陆),"1976年，8岁的玛丽·黛西·丁格尔（贝丝妮·惠特摩尔 Bethany Whitmore 配音）是澳大利亚墨尔本的一个小女孩，喜欢动画片“诺布利特”、甜炼乳和巧克力。玛丽的妈妈是个酒鬼，而在茶叶包装厂工作的父亲平日只喜欢制作鸟标本。孤独的玛丽没有朋友，某一天心血来潮给美国纽约市的马克思·杰瑞·霍罗威茨（菲利普·塞默·霍夫曼 Philip Seymour Hoffman 配音）写了一封信询问美国小孩从哪里来，并附上一根樱桃巧克力棒。44岁的马克思患有自闭症及肥胖，碰巧也喜欢看“诺布利特”动画片及吃巧克力。二人的笔友关系从1976年维持到1994年，期间各自经历了许多人生起伏，直到成年的玛丽（托妮·科莱特 Toni Collette 配音）终于来到纽约看望马克思……
                                        
                                    　　本片获2009年法国昂锡国际动画影展最佳动画长片奖，柏林国际电影节水晶熊奖及渥太华国际动...",img/16_玛丽和麦克斯 Mary and Max.jpg
17,黑客帝国 The Matrix,莉莉·沃卓斯基,基努·里维斯/劳伦斯·菲什伯恩/凯瑞-安·莫斯/雨果·维文/格洛丽亚·福斯特/乔·潘托里亚诺/马库斯·钟/朱利安·阿拉汗加/马特·多兰/贝琳达·麦克洛里/安东尼·雷·帕克/罗伯特·泰勒/阿达·尼科德莫/罗温·维特/塔玛拉·布朗/纳塔莉·特珍/比尔·扬/克里斯·斯科特/纳许·埃哲顿,动作/科幻,美国,英语,2000-01-14(中国大陆),136分钟,"不久的将来，网络黑客尼奥（基奴李维斯 饰）对这个看似正常的现实世界产生了怀疑。他结识了黑客崔妮蒂（凯莉·安·摩丝 饰），并见到了黑客组织的首领墨菲斯（劳伦斯·菲什伯恩 饰）。墨菲斯告诉他，现实世界其实是由一个名叫“母体”的计算机人工智能系统控制，人们就像他们饲养的动物，没有自由和思想，而尼奥就是能够拯救人类的救世主。
                                    
                                　　可是，救赎之路从来都不会一帆风顺，到底哪里才是真实的世界？如何才能打败那些超人一样的特勤？尼奥是不是人类的希望？这是黑客的帝国，程序和代码欢迎大家的到来。.",
18,小鞋子 بچه های آسمان,马基德·马基迪,默罕默德·阿米尔·纳吉/阿米尔·法拉赫·哈什米安/巴哈丽·西迪奇/纳菲丝·贾法-穆罕默迪/费雷什特·萨拉班迪/Dariush Mokhtari/克里斯托弗·马利基,剧情/家庭/儿童,伊朗,波斯语,1997-02-01(曙光旬国际电影节),89分钟,"家境贫寒的男孩Ali（Amir Farrokh Hashemian）帮妹妹Zahra（Bahare Seddiqi）取修补好的鞋子时，不慎将鞋子弄丢，为了不被父（Mohammad Amir Naji）、母（Fereshte Sarabandi ）责罚，他央求Zahra暂时保密，说两人可以替换着穿他的鞋子上学，并答应一定会帮她买双新鞋子。
                                    
                                　　Ali原本指望用他和父亲进城打工挣的钱帮Zahra买双新鞋，父亲的意外受伤打消了他的美梦。看到全市长跑比赛季军的奖品是一双运动鞋时，Ali决定参加比赛，但是他错过了报名日期。几经哀求，老师（Dariush Mokhtari ）破例让实力出众的Ali参加了比赛。比赛场上，Ali不断提醒自己，一定要得第三名！",img/18_小鞋子 بچه های آسمان.jpg
19,上帝之城 Cidade de Deus,费尔南多·梅里尔斯,亚历桑德雷·罗德里格斯/莱安德鲁·菲尔米诺/菲利佩·哈根森/道格拉斯·席尔瓦/乔纳森·哈根森/马修斯·纳克加勒/塞乌·乔奇/艾莉丝·布拉加,剧情/犯罪,巴西/法国,葡萄牙语,2002-05-18(戛纳电影节),130分钟,"巴西里约热内卢的贫民窟，这里是“上帝之城”，更是魔鬼也会叹息着转身的地方。
                                        
                                    　　阿炮（Alexandre Rodrigues 饰）带着我们到了这里，他见证了这里二十多年来被残暴、贪婪、复仇、野心、背叛、掠夺所裹挟的混乱生活以及最终导致的一场灾难性的黑帮争斗。虽然从小就要 辗转于匪徒间求生存，但胆小怕事的性格与自我保护的本能却使他一直能平安度日。
                                        
                                    　　60年代初，阿毛、阿夹和阿呆是这里的“少年三侠”，在抢劫完旅馆之后，他们三人分道扬镳，阿夹重回上帝的怀抱，而阿呆和阿毛纷纷付出了生命的代价。
                                        
                                    　　70年，当年“少年三侠”手下的小弟小豆子（Douglas Silva 饰）靠着自己的心狠手辣，不停地吞并别人的地盘，成为了贫民区的“小霸王”，生意也从抢劫升级到了更为暴利的毒品买卖，和他一起飞黄腾达的还有班尼（Phellipe Haagensen 饰）。
                                        
                                    　　班尼认识了美丽的安...",img/19_上帝之城 Cidade de Deus.jpg
20,重庆森林 重慶森林,王家卫,林青霞/金城武/梁朝伟/王菲/周嘉玲,剧情/爱情,中国香港,粤语/汉语普通话/英语/印地语/日语,1994-07-14(中国香港),102分钟,"编号为223的警察（金城武）失恋后患上失恋综合症，在与金发女杀手（林青霞）擦肩而过又离奇相遇并有了一晚温情后，原本以为包括“爱情”在内的所有东西都有保质期的他意外地迎来心灵的短暂温暖。可是，他们的爱情还是结束了。
                                    
                                　　快餐店新来的女招待阿菲（王菲）爱上了时常光顾快餐店的编号 为663的警察（梁朝伟），因拆了他的女友（周嘉玲）留在快餐店给他的“分手” 信，阿菲知晓了他的心情，偷拿到他的钥匙趁他不在时常潜入他家，一边梦游一边悄悄地改变他的生活，终在被他撞见时令其感受到情感的回归。然而，这才是他们爱情的开始。",img/20_重庆森林 重慶森林.jpg
21,萤火虫之墓 火垂るの墓,高畑勋,辰己努/白石绫乃/志乃原良子/山口朱美/端田宏三,剧情/动画/战争,日本,日语,1988-04-16(日本),89分钟,美日战争爆发，14岁的清太带着年幼的妹妹到处逃命，当他们到达防空洞的时候，母亲已身受重伤，没过多久便不久人世。两兄妹自此过着相依为命的日子。他们只好投靠了母亲的姐妹，纵使他们把家里所有的家当都送给了阿姨，但当食物吃完，他们就越感到了寄人篱下的感觉，清太决定带着妹妹离开独自生活。火灾硝烟中的生活并不好过，清太为了妹妹四处偷取食物，但妹妹还是严重营养不良……,
22,本杰明·巴顿奇事 The Curious Case of Benjamin Button,大卫·芬奇,布拉德·皮特/凯特·布兰切特/朱莉娅·奥蒙德/芳妮·A·钱勃丝/伊莱亚斯·科泰斯/杰森·弗莱明/大卫·詹森/蒂尔达·斯文顿/艾丽·范宁/乔安娜·塞勒/乔什·斯图沃特/丹尼·文森/塔拉吉·P·汉森/马赫沙拉·阿里/菲奥娜·黑尔/唐娜·杜普兰提尔/兰斯·E·尼克尔斯/特德·曼森/克莱·卡伦/菲莉丝·萨莫维尔/杰瑞德·哈里斯/麦迪逊·贝蒂/汤姆·埃沃雷特/克里斯托弗·马克斯韦尔/伊利亚·沃里克,剧情/爱情/奇幻,美国,英语/俄语/法语,2008-12-25(美国),166分钟,"飓风正在侵袭美国新奥尔良，一位病危的老妇睁开了她的睡眼。老妇名叫戴茜（凯特·布兰切特饰），她叫女儿凯若琳（朱莉娅•奥蒙德饰）为她阅读一本日记。这本日记的作者叫本杰明•巴顿（布拉德•皮特饰）。本杰明出生在第一次世界大战停战之时，但生来便像个老人的他被父亲当作怪物，被遗弃在了养老院。本杰明在养老院与老人们一起生活。但谁都没有想到，本杰明逆向发育——越活越年轻！也许“越活越年轻”是某些人的梦想，但真正这样成长的本杰明却有了别人无法理解的烦恼与快乐。穿越半世纪的世界变革，本杰明身处其中，感受别人感受不到的感受。
                                    
                                　　为何母亲会让自己念这本日记？本杰明•巴顿此人与母亲有什么关系？凯若琳陷入了深深的疑惑与好奇之中。",img/22_本杰明·巴顿奇事 The Curious Case of Benjamin Button.jpg
23,阳光姐妹淘 써니,姜炯哲,沈恩敬/闵孝琳/姜素拉/南宝拉/陈熙琼/金时厚/柳好贞/朴真珠/李妍京/金甫美/千玗嬉/李璟荣,剧情/喜剧,韩国,韩语,2011-05-04(韩国),124分钟,"25年前，高中生任娜美（沈恩京 饰）一家从全罗道搬到汉城，娜美入读真德女子高中，因方言浓重怯于开口的娜美幸运的得到了同班大姐头夏春花（姜索拉 饰）的维护，并与围绕在夏春花周围的执着于双眼皮的金玫瑰、满嘴脏话的黄珍熙、梦想成为作家的徐金玉、要成为韩国小姐的俞福姬以及沉默傲慢的美人郑秀智等五人结识。在一次和不良少女团对决之后，春花和娜美等七人组成了“Sunny”团体……
                                    
                                　　多年以后，家庭主妇娜美在去医院探望母亲时偶然重逢了身患绝症住院的春花，后者希望在生命的最后两个月内，能够再见当年的Sunny成员。娜美找到金玫瑰，两人委托私家侦探寻找当年的同伴，而那些关于青春的回忆，也在一个个熟悉的名姓后面再次被唤醒。",img/23_阳光姐妹淘 써니.jpg
24,拯救大兵瑞恩 Saving Private Ryan,史蒂文·斯皮尔伯格,汤姆·汉克斯/汤姆·塞兹摩尔/爱德华·伯恩斯/巴里·佩珀/亚当·戈德堡/范·迪塞尔/吉奥瓦尼·瑞比西/杰瑞米·戴维斯/马特·达蒙/特德·丹森/保罗·吉亚玛提/丹尼斯·法里纳/马克斯·马蒂尼/丹兰·布鲁诺/丹尼尔·切尔奎拉/迪米特里·格里特萨斯/史蒂夫·格里芬/彼得·迈尔斯/亚当·肖/罗尔夫·萨克森/克里·约翰逊/洛克兰·艾肯/尚恩·约翰逊/莱尔德·曼辛托斯/安德鲁·斯科特/马修·夏普/文森特·沃尔什/约翰·沙拉恩/马丁·哈伯/罗非洛·迪格托勒/恩里奇·雷德曼/米歇尔·埃文斯/内森·菲利安/利兰·奥瑟/大卫·维格/瑞恩·赫斯特/哈威·普雷斯内尔/代尔·戴/布莱恩·克兰斯顿/大卫·沃尔/埃里克·罗兰/哈里逊·杨/凯思琳·拜荣/约翰·德·兰西/詹姆斯·恩布里/德里克·李/若昂·科斯塔·梅内塞斯/马克·施泰因迈尔,剧情/战争,美国,英语/法语/德语/捷克语,1998-11-13(中国大陆),169分钟,"瑞恩（马特•达蒙 Matt Damon饰 ）是二战期间的美国伞兵，被困在了敌人后方。更不幸的是，他的三个兄弟全部在战争中死亡，如果他也遇难，家中的老母亲将无依无靠。
                                    
                                　　美国作战总指挥部知道了这个情况，毅然决定组织一个小分队前往救援，其中包括米勒上尉（汤姆•汉克斯 Tom Hanks 饰 ）和翻译厄本（杰里米.戴维斯 Jererry Davies饰）。然而，敌方危险重重，他们一路上随时与死亡打交道。他们非常怀疑，到底值不值得冒着八个人的生命危险，去搭救一个人。
                                    
                                　　大家一路辗转寻找瑞恩，对于这次搭救行动，有人不满，有人热忱，有人好奇。大家一次次闻到死神的气息，瑞恩的获救付出了沉重的代价。",img/24_拯救大兵瑞恩 Saving Private Ryan.jpg
25,猜火车 Trainspotting,丹尼·博伊尔,伊万·麦克格雷格/艾文·布莱纳/约翰尼·李·米勒/凯文·麦克基德/罗伯特·卡莱尔/凯莉·麦克唐纳/彼得·穆兰/詹姆斯·科兹莫/艾琳·尼古拉斯/苏珊·维德勒/波林·林奇/雪莉·亨德森/斯图尔特·麦克奎里/欧文·韦尔什/戴尔·温顿/基思·艾伦/凯文·艾伦/菲奥娜·贝尔/休·罗斯/芬利·威尔士/汤姆·德尔玛/约翰·霍奇/安德鲁·麦克唐纳/Stuart McGugan,剧情/犯罪,英国,英语,1996-02-23(英国),94分钟,"苏格兰爱丁堡，雷登（伊万·麦克格雷格 Ewan McGregor 饰）、土豆（艾文·布莱纳 Ewen Bremner 饰）和病仔（约翰尼·李·米勒 Jonny Lee Miller 饰）三个青年过着混沌糜烂的生活，他们吸毒、滥交、诈骗无所不作，而在如此肆无忌惮挥霍青春的过程中，毒品成为一切万恶之源。雷登对之亦爱亦恨，试图戒毒却最终重蹈覆辙。在一次纵情狂欢后，他们三个不知谁和少女爱丽森（Susan Vidler 饰）所生的婴儿死去。以此为开端，噩梦真正降临。土豆抢劫时锒铛入狱，雷登吸食毒品过量被送往医院抢救，后被强制戒毒。恐怖的幻觉和心底生气的恐惧迫使他不得不和毒品一刀两断。看似美好的新生活，但往日狐朋狗友贝格比（罗伯特·卡莱尔 Robert Carlyle 饰）等找上门来，再度给他带来无限的烦恼……
                                        
                                    　　本片根据欧文·威尔士（Irvine Welsh）的...",img/25_猜火车 Trainspotting.jpg
